"num","name","len","gc"
1,"B_anthracis",1450,0.532348804500703
2,"B_cereus",1450,0.533333333333333
3,"B_halodurans",1566,0.544061302681992
4,"Bacillus_subtilis",1427,0.550561797752809
5,"C_acetobutyliticum",1368,0.517543859649123
6,"C_perfringenes",1508,0.529177718832891
7,"C_tetani",1515,0.527851458885942
8,"O_iheyensis",1566,0.528735632183908
9,"T_tengcongensis",1527,0.591355599214145
