"num","gc"
1,0.532348804500703
2,0.533333333333333
3,0.544061302681992
4,0.550561797752809
5,0.517543859649123
6,0.529177718832891
7,0.527851458885942
8,0.528735632183908
9,0.591355599214145
